<?xml version="1.0" encoding="UTF-8"?>
<project-private xmlns="http://www.netbeans.org/ns/project-private/1">
    <editor-bookmarks xmlns="http://www.netbeans.org/ns/editor-bookmarks/2" lastBookmarkId="0"/>
    <open-files xmlns="http://www.netbeans.org/ns/projectui-open-files/2">
        <group>
            <file>file:/C:/Users/hp/Desktop/ATM-Project-In-Java-Source-Code/ATM%20Project%20In%20Java%20Source%20Code/src/atm_system/ATM_SYSTEM.java</file>
            <file>file:/C:/Users/hp/Desktop/ATM-Project-In-Java-Source-Code/ATM%20Project%20In%20Java%20Source%20Code/src/atm_system/splash.java</file>
            <file>file:/C:/Users/hp/Desktop/ATM-Project-In-Java-Source-Code/ATM%20Project%20In%20Java%20Source%20Code/src/atm_system/verify.java</file>
            <file>file:/C:/Users/hp/Desktop/ATM-Project-In-Java-Source-Code/ATM%20Project%20In%20Java%20Source%20Code/src/atm_system/ATM.png</file>
            <file>file:/C:/Users/hp/Desktop/ATM-Project-In-Java-Source-Code/ATM%20Project%20In%20Java%20Source%20Code/src/atm_system/deposit.java</file>
            <file>file:/C:/Users/hp/Desktop/ATM-Project-In-Java-Source-Code/ATM%20Project%20In%20Java%20Source%20Code/src/atm_system/widthraw.java</file>
        </group>
    </open-files>
</project-private>
